station,year,month,date,observed,Seasonal Climatology,abs_error_Seasonal Climatology,Persistence t-12,abs_error_Persistence t-12,Linear Regression,abs_error_Linear Regression,Random Forest,abs_error_Random Forest,Gradient Boosting,abs_error_Gradient Boosting,SVR-RBF,abs_error_SVR-RBF
الخالص,2012,1,2012-01-01,66.6,52.386531453155555,14.213468546844439,47.4,19.199999999999996,-3.007491537333493,69.60749153733349,55.06342581839347,11.536574181606525,51.14282108548861,15.457178914511381,54.28213264253347,12.317867357466525
بلدروز,2012,1,2012-01-01,80.4,63.61666666666666,16.783333333333346,56.0,24.400000000000006,55.735843073062426,24.66415692693758,82.75842430424579,2.358424304245787,85.53006929827313,5.130069298273128,74.91910044779891,5.480899552201095
خانقين,2012,1,2012-01-01,56.9,59.062533333333334,2.162533333333336,40.8,16.1,81.33794962745887,24.43794962745887,66.84176838002999,9.941768380029991,87.25042330689934,30.350423306899337,83.15474630714468,26.25474630714468
الخالص,2012,2,2012-02-01,86.69999999999999,78.23014189112888,8.469858108871108,71.7,14.999999999999986,33.04802378989467,53.65197621010532,78.74792272705822,7.952077272941764,76.88351562105886,9.816484378941126,74.06029922059994,12.639700779400044
بلدروز,2012,2,2012-02-01,112.3,96.05555555555556,16.24444444444444,89.2,23.099999999999994,102.54046745343487,9.759532546565126,107.26975537789103,5.030244622108967,113.96457360768684,1.6645736076868474,117.27952347015693,4.979523470156934
خانقين,2012,2,2012-02-01,158.26352,108.14142222222222,50.12209777777778,109.1,49.163520000000005,107.95223615872473,50.31128384127527,91.60757068219932,66.65594931780068,88.41432714358459,69.84919285641541,74.38005714258722,83.88346285741278
الخالص,2012,3,2012-03-01,164.59999999999997,151.60521326876446,12.994786731235507,186.2,21.600000000000023,92.3358286829102,72.26417131708976,154.9121434638689,9.687856536131079,151.76576002408285,12.834239975917114,160.89472068670213,3.7052793132978366
بلدروز,2012,3,2012-03-01,183.1,178.21666666666667,4.883333333333326,188.7,5.599999999999994,157.66999837750745,25.43000162249254,169.19018164065585,13.909818359344143,159.41299737881386,23.68700262118614,181.34089812824536,1.7591018717546376
خانقين,2012,3,2012-03-01,158.6,192.764,34.164000000000016,153.3,5.299999999999983,169.74095165401621,11.14095165401622,161.7011026752825,3.1011026752825046,183.9481070533033,25.348107053303295,201.87978753329085,43.27978753329086
الخالص,2012,4,2012-04-01,231.00000000000003,189.24353735964442,41.75646264035561,213.6,17.400000000000034,224.27582182702116,6.724178172978867,201.19425846022557,29.80574153977446,199.85179715335755,31.148202846642477,202.54216051028237,28.457839489717657
بلدروز,2012,4,2012-04-01,259.1,240.92222222222225,18.177777777777777,240.5,18.600000000000023,291.4562124483209,32.35621244832089,264.7291235807145,5.629123580714463,266.6898636922133,7.589863692213271,267.10461672691787,8.004616726917845
خانقين,2012,4,2012-04-01,287.7,237.86933240604444,49.83066759395555,216.8,70.89999999999998,310.16111124820145,22.461111248201462,258.4041207827656,29.295879217234415,282.6159010441814,5.084098955818604,254.887395554925,32.81260444507498
الخالص,2012,5,2012-05-01,278.6,280.22745057791997,1.6274505779199444,286.6,8.0,312.3585557742657,33.75855577426569,299.62250122834547,21.022501228345448,274.5362420502146,4.06375794978544,307.00150922740386,28.401509227403835
بلدروز,2012,5,2012-05-01,365.0,353.81111111111113,11.188888888888869,318.9,46.10000000000002,366.94191191970026,1.9419119197002601,343.656632571571,21.34336742842902,350.332247777097,14.667752222903005,332.62355334801634,32.376446651983656
خانقين,2012,5,2012-05-01,384.9,332.1285333333333,52.7714666666667,232.0,152.89999999999998,397.1847332739055,12.284733273905545,371.2603861584283,13.639613841571702,400.26062424328563,15.360624243285656,380.2923828560256,4.60761714397438
الخالص,2012,6,2012-06-01,416.80000000000007,377.6141487488569,39.18585125114316,353.5,63.30000000000007,374.27453962135667,42.5254603786434,380.07547980200735,36.72452019799272,374.5528991828397,42.247100817160344,382.4410252501482,34.35897474985188
بلدروز,2012,6,2012-06-01,443.2,452.43333333333334,9.233333333333348,454.3,11.100000000000023,444.9214524262843,1.7214524262843156,461.6467105605103,18.446710560510326,467.80530821456017,24.605308214560182,462.91270872098687,19.712708720986882
خانقين,2012,6,2012-06-01,463.97200000000004,474.7968888888888,10.824888888888779,428.3,35.672000000000025,457.87503485433194,6.0969651456680936,463.2790491386364,0.6929508613636131,476.57189784711585,12.599897847115813,437.71759093776626,26.254409062233776
الخالص,2012,7,2012-07-01,450.6,369.56032412592356,81.03967587407647,406.7,43.900000000000034,401.9176279209344,48.6823720790656,399.28464756137106,51.31535243862896,393.33371138701483,57.26628861298519,374.06768387000005,76.53231612999997
بلدروز,2012,7,2012-07-01,494.6,493.4222222222222,1.1777777777778056,466.1,28.5,467.69266985282025,26.907330147179778,484.0720462745745,10.527953725425505,485.9265009060977,8.673499093902308,472.44127157940557,22.158728420594457
خانقين,2012,7,2012-07-01,552.3,554.0196711111112,1.7196711111112108,480.7,71.59999999999997,493.1478852752498,59.15211472475016,539.6867948544904,12.613205145509596,546.8317521835537,5.468247816446251,547.1057369276494,5.194263072350509
الخالص,2012,8,2012-08-01,382.5,325.73389013558614,56.76610986441386,407.2,24.69999999999999,369.0935833560313,13.406416643968726,350.5711808761776,31.928819123822393,367.6359549609961,14.864045039003884,335.6908006854941,46.80919931450592
بلدروز,2012,8,2012-08-01,520.3,462.8333333333333,57.46666666666664,447.5,72.79999999999995,442.1713925003738,78.12860749962613,459.32983595023705,60.9701640497629,445.78323049291515,74.5167695070848,468.4476131051731,51.85238689482685
خانقين,2012,8,2012-08-01,549.356,525.5029303879679,23.853069612032073,440.3,109.05599999999998,461.3198835377675,88.03611646223248,515.7110901238067,33.64490987619331,503.17021116244797,46.185788837552025,533.6021229757306,15.7538770242694
الخالص,2012,9,2012-09-01,281.8,270.0625413504569,11.7374586495431,298.9,17.099999999999966,296.88492377672463,15.084923776724622,294.2134766330017,12.413476633001665,273.3627201348722,8.437279865127834,274.26780195122956,7.532198048770454
بلدروز,2012,9,2012-09-01,367.2,354.4555555555555,12.744444444444468,370.1,2.900000000000034,357.55531576416223,9.644684235837758,362.2846668878613,4.915333112138683,387.1258662109504,19.925866210950403,352.2193245896151,14.98067541038489
خانقين,2012,9,2012-09-01,414.84000000000003,392.66058844444444,22.17941155555559,344.3,70.54000000000002,388.106417386736,26.733582613264048,405.2832287312603,9.556771268739737,404.43138414974027,10.408615850259764,412.6263021650284,2.21369783497164
الخالص,2012,10,2012-10-01,169.7,176.14672966769777,6.446729667697781,188.3,18.600000000000023,204.98501994195587,35.28501994195588,197.91871606800697,28.218716068006984,186.72250678589384,17.022506785893853,185.44548191326976,15.74548191326977
بلدروز,2012,10,2012-10-01,236.8,233.06666666666666,3.7333333333333485,214.1,22.700000000000017,274.115409353375,37.315409353375,246.64492115496333,9.844921154963316,244.03784007630847,7.2378400763084585,227.59574421516734,9.204255784832668
خانقين,2012,10,2012-10-01,249.0,278.72897777777774,29.728977777777743,233.0,16.0,285.7305985335666,36.73059853356659,323.03421402102174,74.03421402102174,342.4992656724303,93.49926567243028,333.14105118104857,84.14105118104857
الخالص,2012,11,2012-11-01,103.41,87.90879860053333,15.501201399466666,96.1,7.310000000000002,84.455102738607,18.954897261393,86.69487255750164,16.715127442498357,77.73967500082598,25.670324999174014,85.51488342658277,17.895116573417226
بلدروز,2012,11,2012-11-01,98.2,117.66111111111111,19.46111111111111,119.5,21.299999999999997,129.58629802053704,31.38629802053704,100.17108486974264,1.97108486974264,89.70538755611118,8.494612443888826,98.59226856984918,0.392268569849179
خانقين,2012,11,2012-11-01,126.3,125.76377777777778,0.5362222222222215,93.0,33.3,114.10665536299305,12.193344637006945,155.60448042161119,29.30448042161119,124.50271015947068,1.7972898405293165,101.24521783878635,25.05478216121365
الخالص,2012,12,2012-12-01,60.6,52.35168,8.24832,75.1,14.499999999999993,25.57778880456567,35.02221119543433,58.19832834802893,2.4016716519710712,53.582421624630555,7.017578375369446,53.748342225744665,6.851657774255337
بلدروز,2012,12,2012-12-01,71.0,69.71666666666667,1.2833333333333314,91.1,20.099999999999994,46.14401938003908,24.855980619960917,68.6014895692878,2.398510430712193,63.984034624452924,7.015965375547076,83.94688829656528,12.946888296565277
خانقين,2012,12,2012-12-01,75.6,76.83844444444443,1.2384444444444398,122.13199999999999,46.532,120.04800879417225,44.44800879417225,86.56598999417251,10.965989994172517,89.31402475497977,13.714024754979775,74.2224109744005,1.377589025599491
الخالص,2013,1,2013-01-01,68.6,52.386531453155555,16.21346854684444,66.6,2.0,-4.860833925971548,73.46083392597154,51.73749798080226,16.862502019197734,51.06583432486206,17.534165675137935,55.288879717447514,13.31112028255248
بلدروز,2013,1,2013-01-01,60.0,63.61666666666666,3.61666666666666,80.4,20.400000000000006,53.971813082465474,6.028186917534526,68.44276380759162,8.442763807591618,62.93547180334244,2.9354718033424376,65.72395496558568,5.723954965585676
خانقين,2013,1,2013-01-01,41.6,59.062533333333334,17.462533333333333,56.9,15.299999999999997,90.2708442729128,48.670844272912795,70.18492639961816,28.584926399618162,61.7097479676281,20.109747967628095,43.704390307840896,2.1043903078408945
الخالص,2013,2,2013-02-01,73.4,78.23014189112888,4.830141891128875,86.69999999999999,13.299999999999983,79.57719414338305,6.177194143383048,101.79452297848135,28.394522978481348,93.25774551751095,19.85774551751095,101.99895303073478,28.598953030734776
بلدروز,2013,2,2013-02-01,87.8,96.05555555555556,8.25555555555556,112.3,24.5,118.44586650288696,30.64586650288696,119.26932327409949,31.469323274099494,121.07142412295248,33.27142412295248,117.35057926242837,29.55057926242837
خانقين,2013,2,2013-02-01,175.132704,108.14142222222222,66.99128177777777,158.26352,16.86918399999999,133.88604136094716,41.24666263905283,117.65386403460339,57.4788399653966,117.86530619444808,57.26739780555191,141.13705696630436,33.99564703369563
الخالص,2013,3,2013-03-01,144.1,151.60521326876446,7.505213268764464,164.59999999999997,20.49999999999997,136.69006160363784,7.409938396362151,188.8808990321598,44.780899032159795,172.94736706268333,28.847367062683333,159.53860470046442,15.438604700464424
بلدروز,2013,3,2013-03-01,204.4,178.21666666666667,26.183333333333337,183.1,21.30000000000001,159.61605698493526,44.78394301506475,187.20928817111957,17.19071182888044,188.91470850440035,15.485291495599654,253.12056405178436,48.72056405178435
خانقين,2013,3,2013-03-01,232.4,192.764,39.635999999999996,158.6,73.80000000000001,202.86154871401675,29.538451285983257,218.09943918175915,14.300560818240854,214.05106800196407,18.348931998035937,206.88414041995665,25.515859580043355
الخالص,2013,4,2013-04-01,191.6,189.24353735964442,2.3564626403555735,231.00000000000003,39.400000000000034,208.00304119040766,16.403041190407663,191.65689534505302,0.05689534505302163,188.58148120654226,3.01851879345773,194.83688435796162,3.236884357961628
بلدروز,2013,4,2013-04-01,248.0,240.92222222222225,7.077777777777754,259.1,11.100000000000023,280.89961623888865,32.899616238888655,249.50986270722876,1.5098627072287627,243.11315222238161,4.886847777618385,251.1512730122113,3.1512730122113055
خانقين,2013,4,2013-04-01,304.088,237.86933240604444,66.21866759395559,287.7,16.388000000000034,293.7232064226625,10.364793577337537,245.7554048421262,58.33259515787381,274.81998538140095,29.268014618599068,235.48838838809297,68.59961161190705
الخالص,2013,5,2013-05-01,205.8,280.22745057791997,74.42745057791996,278.6,72.80000000000001,281.7887743088661,75.98877430886608,258.9658227261121,53.16582272611208,246.26851335112096,40.46851335112095,281.04866154441777,75.24866154441776
بلدروز,2013,5,2013-05-01,244.4,353.81111111111113,109.41111111111113,365.0,120.6,256.85113901484544,12.451139014845438,268.7795704280225,24.379570428022504,277.9583448319882,33.558344831988194,212.6081540371602,31.7918459628398
خانقين,2013,5,2013-05-01,378.76000000000005,332.1285333333333,46.63146666666677,384.9,6.1399999999999295,363.3525160862913,15.407483913708745,296.7542991449384,82.00570085506166,323.94444037485226,54.815559625147785,365.18032423209206,13.579675767907986
الخالص,2013,6,2013-06-01,350.2,377.6141487488569,27.414148748856917,416.80000000000007,66.60000000000008,355.0998829088113,4.899882908811321,370.645556340721,20.445556340720998,381.86027680482067,31.660276804820683,417.7163857413715,67.5163857413715
بلدروز,2013,6,2013-06-01,430.7,452.43333333333334,21.73333333333335,443.2,12.5,432.1822116824933,1.4822116824933005,441.9615611761824,11.261561176182397,449.997864143627,19.29786414362701,450.36037479546906,19.660374795469068
خانقين,2013,6,2013-06-01,472.9464,474.7968888888888,1.8504888888888331,463.97200000000004,8.974399999999946,445.63944710669307,27.306952893306914,462.32945370036236,10.616946299637618,463.10613727646773,9.840262723532248,428.8468930015239,44.0995069984761
الخالص,2013,7,2013-07-01,471.5,369.56032412592356,101.93967587407644,450.6,20.899999999999977,380.9013276708057,90.5986723291943,404.81293870039457,66.68706129960543,360.4960760542435,111.00392394575653,395.77949064551683,75.72050935448317
بلدروز,2013,7,2013-07-01,504.9,493.4222222222222,11.47777777777776,494.6,10.299999999999955,460.7664116796282,44.13358832037176,475.8587621699693,29.041237830030695,459.9590988101668,44.9409011898332,482.87295781869227,22.027042181307706
خانقين,2013,7,2013-07-01,601.3,554.0196711111112,47.28032888888879,552.3,49.0,470.32856384765637,130.97143615234359,524.6996946958068,76.60030530419317,510.8960287323693,90.40397126763065,533.1745313819279,68.12546861807209
الخالص,2013,8,2013-08-01,336.7,325.73389013558614,10.966109864413852,382.5,45.80000000000001,354.1866326629023,17.48663266290231,364.4012437993844,27.70124379938443,365.70523500070146,29.005235000701475,333.9915891918562,2.7084108081438103
بلدروز,2013,8,2013-08-01,403.4,462.8333333333333,59.43333333333334,520.3,116.89999999999998,420.3331602300827,16.933160230082706,461.0004477623857,57.60044776238573,429.65565759190986,26.25565759190988,438.2793243593583,34.87932435935835
خانقين,2013,8,2013-08-01,562.0672000000001,525.5029303879679,36.56426961203215,549.356,12.711200000000076,449.46422697545734,112.60297302454273,519.5695612101892,42.49763878981082,496.12525121041773,65.94194878958234,533.1609475222135,28.906252477786552
الخالص,2013,9,2013-09-01,259.4,270.0625413504569,10.662541350456934,281.8,22.400000000000034,325.15441381946954,65.75441381946956,329.48412526523686,70.08412526523688,304.87536599704373,45.47536599704375,288.8304966758104,29.430496675810446
بلدروز,2013,9,2013-09-01,327.8,354.4555555555555,26.65555555555551,367.2,39.39999999999998,353.35615162246387,25.556151622463858,360.61919917374416,32.81919917374415,349.1341496839549,21.334149683954877,345.1926002120257,17.392600212025684
خانقين,2013,9,2013-09-01,410.88800000000003,392.66058844444444,18.22741155555559,414.84000000000003,3.951999999999998,380.55605225971607,30.331947740283965,392.0012675633738,18.886732436626232,406.25940401884446,4.62859598115557,401.93298441006664,8.955015589933396
الخالص,2013,10,2013-10-01,171.0,176.14672966769777,5.14672966769777,169.7,1.3000000000000114,172.11561704927988,1.1156170492798765,176.44660087547624,5.446600875476236,160.36703983590624,10.63296016409376,185.9346320473181,14.934632047318104
بلدروز,2013,10,2013-10-01,220.0,233.06666666666666,13.066666666666663,236.8,16.80000000000001,240.36312869990553,20.36312869990553,219.83370055702645,0.16629944297355337,196.67351951218606,23.32648048781394,198.01202796282826,21.987972037171744
خانقين,2013,10,2013-10-01,309.84319999999997,278.72897777777774,31.114222222222224,249.0,60.84319999999997,270.1196227624097,39.72357723759029,237.27496245083088,72.56823754916908,239.75718623889463,70.08601376110533,267.1222665096784,42.720933490321556
الخالص,2013,11,2013-11-01,56.5,87.90879860053333,31.40879860053333,103.41,46.91,52.564630247033165,3.935369752966835,81.15203921325168,24.652039213251683,75.73261303303381,19.232613033033815,87.50528059339851,31.00528059339851
بلدروز,2013,11,2013-11-01,83.1,117.66111111111111,34.56111111111112,98.2,15.100000000000009,139.40359768212068,56.30359768212068,109.49118548463251,26.391185484632516,97.02544861703238,13.925448617032387,98.81878617508073,15.718786175080737
خانقين,2013,11,2013-11-01,114.53999999999999,125.76377777777778,11.223777777777784,126.3,11.760000000000005,104.96942251002835,9.57057748997164,115.85052469344257,1.3105246934425736,110.94206963187288,3.597930368127109,84.62508629050322,29.914913709496773
الخالص,2013,12,2013-12-01,39.4,52.35168,12.951680000000003,60.6,21.200000000000003,-0.03932919784693922,39.43932919784694,54.16022036804574,14.760220368045744,47.138484318173774,7.738484318173775,62.02161883184604,22.621618831846042
بلدروز,2013,12,2013-12-01,75.5,69.71666666666667,5.783333333333331,71.0,4.5,59.622351671957716,15.877648328042284,65.99331426162664,9.506685738373363,59.897000462252805,15.602999537747195,63.74090588332771,11.759094116672287
خانقين,2013,12,2013-12-01,124.30640000000001,76.83844444444443,47.46795555555558,75.6,48.706400000000016,75.39181399950533,48.91458600049468,54.92654546489272,69.37985453510728,60.40803471468692,63.89836528531309,58.643984584389415,65.6624154156106
الخالص,2014,1,2014-01-01,41.6,52.386531453155555,10.786531453155554,68.6,26.999999999999993,0.6102488844127549,40.98975111558725,52.62932532598236,11.029325325982356,48.199862110132386,6.599862110132385,48.823149286832034,7.223149286832033
بلدروز,2014,1,2014-01-01,62.7,63.61666666666666,0.9166666666666572,60.0,2.700000000000003,28.757231796502424,33.94276820349758,52.76911984096505,9.930880159034956,49.28378076387189,13.416219236128114,56.90050712518172,5.799492874818284
خانقين,2014,1,2014-01-01,43.7,59.062533333333334,15.362533333333332,41.6,2.1000000000000014,82.7260260350761,39.0260260350761,58.62206200893881,14.92206200893881,64.09153559248401,20.391535592484004,55.76714213729795,12.06714213729795
الخالص,2014,2,2014-02-01,86.0,78.23014189112888,7.769858108871119,73.4,12.599999999999994,40.68332150212555,45.31667849787445,92.11217249751867,6.112172497518671,93.08214192028379,7.082141920283789,93.58312054884797,7.5831205488479725
بلدروز,2014,2,2014-02-01,86.7,96.05555555555556,9.355555555555554,87.8,1.0999999999999943,94.27516775759776,7.575167757597754,101.06048340304488,14.360483403044881,105.2945229131092,18.594522913109202,97.1374433908313,10.437443390831291
خانقين,2014,2,2014-02-01,111.3,108.14142222222222,3.1585777777777793,175.132704,63.83270399999999,118.16786098249472,6.867860982494719,119.38379437909083,8.083794379090833,126.68809952999605,15.388099529996055,140.9797741662724,29.679774166272395
الخالص,2014,3,2014-03-01,126.4,151.60521326876446,25.205213268764453,144.1,17.69999999999999,131.8447216149611,5.444721614961082,172.02852569451667,45.62852569451667,163.8745086213398,37.474508621339794,162.1589422736229,35.75894227362289
بلدروز,2014,3,2014-03-01,149.8,178.21666666666667,28.416666666666657,204.4,54.599999999999994,168.6245920880312,18.82459208803118,170.87197199473675,21.071971994736742,156.38053036779579,6.580530367795774,164.06406843007545,14.26406843007544
خانقين,2014,3,2014-03-01,91.1,192.764,101.66400000000002,232.4,141.3,180.95068882738695,89.85068882738696,171.55917261270437,80.45917261270438,175.65980736413533,84.55980736413534,146.02716121602052,54.92716121602052
الخالص,2014,4,2014-04-01,183.5,189.24353735964442,5.743537359644421,191.6,8.099999999999994,204.36678700246196,20.86678700246196,190.15027923940133,6.650279239401328,185.2784952491505,1.7784952491504953,201.65968351110467,18.159683511104674
بلدروز,2014,4,2014-04-01,204.7,240.92222222222225,36.22222222222226,248.0,43.30000000000001,268.38435001105154,63.68435001105155,234.79109474844887,30.09109474844888,230.39730024853066,25.697300248530667,226.0556912119302,21.355691211930207
خانقين,2014,4,2014-04-01,309.1776,237.86933240604444,71.30826759395555,304.088,5.089599999999962,297.8099049305088,11.367695069491162,244.0500189296003,65.12758107039969,229.5110832062334,79.66651679376659,248.51996618575166,60.65763381424833
الخالص,2014,5,2014-05-01,283.8,280.22745057791997,3.5725494220800442,205.8,78.0,301.91794356310163,18.11794356310162,289.985075633385,6.185075633384997,280.81550310951326,2.984496890486753,281.04652209412575,2.753477905874263
بلدروز,2014,5,2014-05-01,301.1,353.81111111111113,52.71111111111111,244.4,56.70000000000002,372.7782035802239,71.67820358022385,364.6199575621914,63.519957562191394,363.89920878378473,62.79920878378471,332.1791570678166,31.079157067816595
خانقين,2014,5,2014-05-01,360.03200000000004,332.1285333333333,27.90346666666676,378.76000000000005,18.72800000000001,385.01192499499,24.97992499498997,342.620828126608,17.41117187339205,338.47704515448794,21.5549548455121,334.6326275177262,25.39937248227386
الخالص,2014,6,2014-06-01,359.0,377.6141487488569,18.614148748856906,350.2,8.800000000000011,361.665345025049,2.665345025049021,391.5126972964653,32.51269729646532,381.0932224871675,22.09322248716751,393.06173786475756,34.06173786475756
بلدروز,2014,6,2014-06-01,402.8,452.43333333333334,49.633333333333326,430.7,27.899999999999977,436.6135340693817,33.81353406938172,449.59480386723374,46.794803867233725,446.8470783499488,44.04707834994878,447.4646249705086,44.66462497050861
خانقين,2014,6,2014-06-01,468.85567999999995,474.7968888888888,5.941208888888866,472.9464,4.090720000000033,447.9182230803009,20.93745691969906,478.46469678251003,9.609016782510082,463.83055310947924,5.02512689052071,425.0782671970783,43.777412802921674
الخالص,2014,7,2014-07-01,390.0,369.56032412592356,20.439675874076443,471.5,81.5,386.23099827622866,3.769001723771339,385.8171307634755,4.182869236524482,355.23665806081374,34.76334193918626,378.62835761827085,11.371642381729146
بلدروز,2014,7,2014-07-01,478.0,493.4222222222222,15.422222222222217,504.9,26.899999999999977,464.22992093981316,13.770079060186845,481.84282050448564,3.842820504485644,477.11040740519763,0.889592594802366,486.6488792753603,8.648879275360287
خانقين,2014,7,2014-07-01,557.2296,554.0196711111112,3.2099288888888395,601.3,44.07039999999995,475.2033388239522,82.0262611760478,523.7323986148712,33.49720138512885,536.4500661802383,20.779533819761696,524.8511237332523,32.378476266747725
الخالص,2014,8,2014-08-01,388.3,325.73389013558614,62.566109864413875,336.7,51.60000000000002,367.65763856482147,20.642361435178543,385.26125356946807,3.038746430531944,342.05642405332355,46.24357594667646,340.87256636503514,47.42743363496487
بلدروز,2014,8,2014-08-01,424.6,462.8333333333333,38.23333333333329,403.4,21.200000000000045,442.2789924630522,17.678992463052168,463.2720452512776,38.67204525127755,480.95554078155004,56.35554078155002,453.84505196243447,29.245051962434445
خانقين,2014,8,2014-08-01,537.42064,525.5029303879679,11.917709612032127,562.0672000000001,24.646560000000022,460.35571249126974,77.0649275087303,516.9966594326335,20.423980567366584,519.1522436072587,18.26839639274135,549.1668989444318,11.746258944431702
الخالص,2014,9,2014-09-01,296.9,270.0625413504569,26.837458649543066,259.4,37.5,294.44427385612346,2.455726143876518,322.1335882896544,25.23358828965445,316.7998762231772,19.899876223177216,284.1743643158248,12.725635684175188
بلدروز,2014,9,2014-09-01,341.2,354.4555555555555,13.255555555555532,327.8,13.399999999999977,365.4862079110072,24.28620791100724,374.84011869416355,33.64011869416356,404.51268464028277,63.31268464028278,358.15312381574114,16.95312381574115
خانقين,2014,9,2014-09-01,405.4656,392.66058844444444,12.805011555555552,410.88800000000003,5.422400000000039,384.7268458523763,20.738754147623695,396.7077933474893,8.75780665251068,403.5923079606125,1.8732920393874792,418.27654369550055,12.810943695500555
الخالص,2014,10,2014-10-01,175.0,176.14672966769777,1.1467296676977696,171.0,4.0,194.2921318948892,19.292131894889195,190.58090234303367,15.58090234303367,170.57565462090227,4.42434537909773,179.18778361524468,4.187783615244683
بلدروز,2014,10,2014-10-01,202.4,233.06666666666666,30.666666666666657,220.0,17.599999999999994,260.2638220545875,57.86382205458747,248.74033936418544,46.34033936418544,247.58562722566808,45.18562722566807,217.94237238751526,15.542372387515258
خانقين,2014,10,2014-10-01,297.19184,278.72897777777774,18.46286222222227,309.84319999999997,12.651359999999954,264.5045854372122,32.687254562787814,251.98920278935296,45.202637210647055,244.2732651766485,52.91857482335152,285.18994448025603,12.001895519743982
الخالص,2014,11,2014-11-01,88.0,87.90879860053333,0.09120139946666939,56.5,31.5,83.16675753450946,4.833242465490542,92.87500148091942,4.875001480919423,87.54660436577689,0.4533956342231136,99.73683112199919,11.736831121999188
بلدروز,2014,11,2014-11-01,111.8,117.66111111111111,5.861111111111114,83.1,28.700000000000003,129.66227161835343,17.862271618353432,116.5527490647938,4.752749064793804,110.09469949643761,1.705300503562384,101.89208512913146,9.907914870868538
خانقين,2014,11,2014-11-01,106.9,125.76377777777778,18.86377777777777,114.53999999999999,7.639999999999986,153.25891587154933,46.35891587154933,111.03255130187077,4.1325513018707625,108.13054800045083,1.230548000450824,98.4157875544071,8.484212445592902
الخالص,2014,12,2014-12-01,44.9,52.35168,7.451680000000003,39.4,5.5,32.01015388079006,12.889846119209942,60.709738186724415,15.809738186724417,58.17516113244866,13.275161132448659,37.20434270734424,7.69565729265576
بلدروز,2014,12,2014-12-01,78.0,69.71666666666667,8.283333333333331,75.5,2.5,97.66788987492083,19.66788987492083,84.06369932664607,6.0636993266460735,83.60427701255638,5.6042770125563806,85.66460703482491,7.664607034824911
خانقين,2014,12,2014-12-01,47.1,76.83844444444443,29.738444444444433,124.30640000000001,77.2064,108.06910505647474,60.96910505647474,96.65988654215145,49.55988654215145,100.26496612106892,53.16496612106892,72.62146528634386,25.52146528634386
الخالص,2015,1,2015-01-01,62.56,52.386531453155555,10.173468546844447,41.6,20.96,9.681159251587815,52.87884074841219,68.79137638415243,6.231376384152426,55.914643659219905,6.645356340780097,44.91633083499434,17.64366916500566
بلدروز,2015,1,2015-01-01,93.9,63.61666666666666,30.283333333333346,62.7,31.200000000000003,67.36158349195284,26.538416508047163,83.23768742320101,10.662312576798996,74.21865820174466,19.681341798255346,74.63058453641591,19.269415463584096
خانقين,2015,1,2015-01-01,66.08,59.062533333333334,7.017466666666664,43.7,22.379999999999995,82.70452523732442,16.62452523732442,63.52980646431357,2.550193535686425,67.01867817648866,0.9386781764886649,56.01924563591544,10.06075436408456
الخالص,2015,2,2015-02-01,79.96,78.23014189112888,1.7298581088711131,86.0,6.040000000000006,48.196531636701565,31.76346836329843,94.42011172402013,14.460111724020138,93.91595789121092,13.955957891210929,88.53575920687646,8.57575920687647
بلدروز,2015,2,2015-02-01,119.9,96.05555555555556,23.84444444444445,86.7,33.2,108.5465099745532,11.353490025446803,116.65913410270284,3.2408658972971693,105.99350904263957,13.906490957360433,113.53113029253254,6.368869707467468
خانقين,2015,2,2015-02-01,181.99924479999999,108.14142222222222,73.85782257777777,111.3,70.69924479999999,97.64779602706366,84.35144877293632,99.578106727549,82.42113807245099,96.68297250639425,85.31627229360573,76.49273855499078,105.5065062450092
الخالص,2015,3,2015-03-01,153.71999999999997,151.60521326876446,2.1147867312355118,126.4,27.319999999999965,111.57812751062986,42.141872489370115,176.6908506685539,22.970850668553936,171.4402452508044,17.720245250804425,161.59056475902275,7.870564759022784
بلدروز,2015,3,2015-03-01,138.8,178.21666666666667,39.41666666666666,149.8,11.0,152.04725333096007,13.247253330960064,187.32266751990346,48.52266751990345,189.72016555932447,50.92016555932446,156.59261775778708,17.79261775778707
خانقين,2015,3,2015-03-01,179.32,192.764,13.444000000000017,91.1,88.22,174.79588121511375,4.524118784886241,150.158557051494,29.161442948505993,152.71582788804596,26.60417211195403,169.13974239841187,10.180257601588124
الخالص,2015,4,2015-04-01,197.32,189.24353735964442,8.076462640355572,183.5,13.819999999999993,202.35349338443706,5.033493384437065,202.96950250152753,5.649502501527536,189.6552974410446,7.664702558955383,218.8835237353065,21.563523735306518
بلدروز,2015,4,2015-04-01,285.5,240.92222222222225,44.577777777777754,204.7,80.80000000000001,274.76821381398133,10.731786186018667,246.8278315712804,38.6721684287196,240.98849948341658,44.511500516583425,259.95594041572895,25.544059584271054
خانقين,2015,4,2015-04-01,287.49312,237.86933240604444,49.62378759395554,309.1776,21.684480000000008,271.08220780372193,16.410912196278048,232.43008893200823,55.063031067991744,216.68737604826012,70.80574395173986,241.7933193342667,45.69980066573328
الخالص,2015,5,2015-05-01,262.58000000000004,280.22745057791997,17.647450577919926,283.8,21.21999999999997,296.6595304614011,34.07953046140108,292.1418420089624,29.561842008962344,290.38789921785803,27.807899217857994,291.28297413987144,28.7029741398714
بلدروز,2015,5,2015-05-01,343.8,353.81111111111113,10.01111111111112,301.1,42.69999999999999,375.37916243612705,31.579162436127035,354.9882070889453,11.188207088945262,363.89920878378473,20.099208783784718,332.6799550760183,11.120044923981709
خانقين,2015,5,2015-05-01,352.0384,332.1285333333333,19.909866666666744,360.03200000000004,7.993600000000015,373.93486057323764,21.89646057323762,316.3657952942244,35.6726047057756,311.4910003889746,40.54739961102541,317.8933100819105,34.145089918089525
الخالص,2015,6,2015-06-01,373.14,377.6141487488569,4.474148748856919,359.0,14.139999999999986,369.0931786805703,4.046821319429682,396.6573689954454,23.517368995445395,379.73664156755353,6.596641567553547,378.2422390653057,5.102239065305696
بلدروز,2015,6,2015-06-01,486.0,452.43333333333334,33.56666666666666,402.8,83.19999999999999,459.7197053576071,26.280294642392903,465.9258309056957,20.074169094304295,467.327819440293,18.672180559706987,470.3898576799446,15.610142320055388
خانقين,2015,6,2015-06-01,472.174816,474.7968888888888,2.6220728888887948,468.85567999999995,3.3191360000000714,438.63799651942804,33.53681948057198,431.0278191640302,41.146996835969844,395.616595314697,76.55822068530301,436.7434583808813,35.43135761911873
الخالص,2015,7,2015-07-01,429.64,369.56032412592356,60.07967587407643,390.0,39.639999999999986,398.03533894441375,31.604661055586234,430.3075063045975,0.6675063045975094,373.14085888766914,56.49914111233085,383.56628797083545,46.07371202916454
بلدروز,2015,7,2015-07-01,488.4,493.4222222222222,5.02222222222224,478.0,10.399999999999977,470.0046458347636,18.39535416523637,496.26523865763755,7.865238657637576,494.8954801170867,6.495480117086743,482.517948111339,5.882051888660953
خانقين,2015,7,2015-07-01,553.1675200000001,554.0196711111112,0.852151111111084,557.2296,4.0620799999999235,468.05367516644833,85.11384483355175,506.65096819912037,46.51655180087971,487.3385343935445,65.8289856064556,524.7538655576344,28.41365444236567
الخالص,2015,8,2015-08-01,371.24,325.73389013558614,45.50610986441387,388.3,17.060000000000002,375.588719816565,4.348719816564994,426.06659139213644,54.826591392136436,373.28747384807673,2.04747384807672,349.60660438939294,21.633395610607067
بلدروز,2015,8,2015-08-01,475.2,462.8333333333333,12.366666666666674,424.6,50.599999999999966,450.07479732357615,25.12520267642384,461.26518358827036,13.934816411729628,444.4004588065475,30.799541193452512,461.8272147189184,13.372785281081576
خانقين,2015,8,2015-08-01,535.264768,525.5029303879679,9.761837612032082,537.42064,2.155872000000045,443.8672926629598,91.39747533704019,486.29382581266907,48.970942187330934,459.06630425967387,76.19846374032613,509.4131550007638,25.85161299923618
الخالص,2015,9,2015-09-01,285.9,270.0625413504569,15.837458649543066,296.9,11.0,308.5978934063397,22.697893406339745,343.58490205597235,57.68490205597237,343.58819227413386,57.68819227413388,293.0980145413402,7.198014541340228
بلدروز,2015,9,2015-09-01,335.4,354.4555555555555,19.055555555555543,341.2,5.800000000000011,380.94610084805396,45.54610084805398,430.1403181483274,94.74031814832745,466.25634016346737,130.8563401634674,361.3237252277077,25.923725227707735
خانقين,2015,9,2015-09-01,396.43872,392.66058844444444,3.7781315555555466,405.4656,9.026880000000006,392.3169838457118,4.1217361542882145,395.34798576782515,1.0907342321748388,397.4231752628798,0.9844552628798056,394.2409864851404,2.1977335148595785
الخالص,2015,10,2015-10-01,185.51999999999998,176.14672966769777,9.373270332302212,175.0,10.519999999999982,216.81578298299578,31.295782982995803,205.0905985735823,19.570598573582316,213.239937199354,27.719937199354007,180.68634371118196,4.83365628881802
بلدروز,2015,10,2015-10-01,231.4,233.06666666666666,1.6666666666666572,202.4,29.0,234.8935002986826,3.4935002986825907,283.21121096187113,51.811210961871126,288.86500846964105,57.46500846964105,241.70926143410875,10.309261434108748
خانقين,2015,10,2015-10-01,286.23420799999997,278.72897777777774,7.505230222222224,297.19184,10.957632000000046,222.98551840062447,63.248689599375496,223.7521777362477,62.48203026375228,218.6084612476877,67.62574675231227,227.82971977361808,58.404488226381886
الخالص,2015,11,2015-11-01,91.902,87.90879860053333,3.9932013994666704,88.0,3.902000000000001,99.64004065814567,7.738040658145664,92.33531606486517,0.43331606486516705,81.08762713016915,10.814372869830848,61.517017061720736,30.384982938279265
بلدروز,2015,11,2015-11-01,89.8,117.66111111111111,27.861111111111114,111.8,22.0,114.31543363229466,24.51543363229466,116.37320474149101,26.57320474149101,103.4388947577703,13.638894757770302,96.0062700944989,6.206270094498905
خانقين,2015,11,2015-11-01,116.128,125.76377777777778,9.635777777777776,106.9,9.227999999999994,127.06604304464175,10.938043044641745,103.48274399914813,12.645256000851873,86.41040406584816,29.717595934151845,112.02012393382114,4.107876066178861
الخالص,2015,12,2015-12-01,57.4,52.35168,5.048319999999997,44.9,12.5,9.626646243699412,47.77335375630059,54.09258220780289,3.307417792197107,46.49204440696496,10.907955593035041,46.234547086769595,11.165452913230403
بلدروز,2015,12,2015-12-01,53.9,69.71666666666667,15.81666666666667,78.0,24.1,48.28582824890552,5.6141717510944815,66.41845555149315,12.518455551493155,54.5557501986008,0.6557501986007992,52.10857259475122,1.7914274052487755
خانقين,2015,12,2015-12-01,87.08768,76.83844444444443,10.249235555555572,47.1,39.987680000000005,65.3652416702042,21.722438329795807,72.38270721464562,14.704972785354386,73.75649516374403,13.331184836255972,64.36787271098976,22.719807289010248
الخالص,2016,1,2016-01-01,57.352,52.386531453155555,4.965468546844441,62.56,5.2080000000000055,13.61965079777815,43.73234920222185,53.799713559305935,3.5522864406940613,49.47070635276313,7.881293647236866,38.67588941460028,18.67611058539972
بلدروز,2016,1,2016-01-01,80.6,63.61666666666666,16.983333333333334,93.9,13.300000000000011,54.78883151296017,25.811168487039822,61.01121270800861,19.588787291991387,54.87490865706307,25.725091342936928,53.71575700138678,26.884242998613217
خانقين,2016,1,2016-01-01,49.815999999999995,59.062533333333334,9.246533333333339,66.08,16.264000000000003,72.76090013290568,22.94490013290568,52.38677573913229,2.5707757391322943,57.163244497120424,7.347244497120428,47.53791725529206,2.2780827447079375
الخالص,2016,2,2016-02-01,79.55199999999999,78.23014189112888,1.3218581088711119,79.96,0.40800000000000125,52.6955481319018,26.85645186809819,95.28856887624977,15.736568876249777,86.43444226212016,6.882442262120165,86.4495289843575,6.897528984357507
بلدروز,2016,2,2016-02-01,115.2,96.05555555555556,19.144444444444446,119.9,4.700000000000003,104.68081652795917,10.519183472040837,106.33636324159741,8.863636758402592,99.5522610980801,15.647738901919908,105.37119096910138,9.828809030898626
خانقين,2016,2,2016-02-01,147.15909376,108.14142222222222,39.01767153777777,181.99924479999999,34.840151039999995,103.73371051975786,43.42538324024213,91.10545833786149,56.0536354221385,90.06437591247406,57.09471784752593,77.73013713533683,69.42895662466316
الخالص,2016,3,2016-03-01,155.004,151.60521326876446,3.398786731235532,153.71999999999997,1.2840000000000202,119.68410884548526,35.319891154514735,167.40170413341346,12.39770413341347,158.66467346758603,3.6606734675860366,145.68539760823492,9.318602391765069
بلدروز,2016,3,2016-03-01,161.2,178.21666666666667,17.01666666666668,138.8,22.399999999999977,173.34882861028,12.14882861028002,163.32402167997796,2.1240216799779716,167.2665945471177,6.066594547117717,161.47823182615875,0.2782318261587591
خانقين,2016,3,2016-03-01,162.94400000000002,192.764,29.819999999999993,179.32,16.375999999999976,164.9480631042047,2.0040631042046755,143.66824815590812,19.2757518440919,129.34532462346954,33.59867537653048,137.01423752002293,25.929762479977086
الخالص,2016,4,2016-04-01,203.404,189.24353735964442,14.160462640355576,197.32,6.084000000000003,179.01136748055148,24.39263251944851,195.900331066783,7.503668933217,192.46455317207463,10.939446827925366,178.97283887756961,24.43116112243038
بلدروز,2016,4,2016-04-01,227.2,240.92222222222225,13.722222222222257,285.5,58.30000000000001,237.29482126658414,10.094821266584148,233.6382029779583,6.438202977958298,210.97067380435124,16.229326195648753,199.12915337603033,28.070846623969658
خانقين,2016,4,2016-04-01,281.051744,237.86933240604444,43.18241159395555,287.49312,6.441375999999991,249.69947028832775,31.35227371167224,202.73237686794275,78.31936713205724,181.60876138452863,99.44298261547135,196.65685607143502,84.39488792856497
الخالص,2016,5,2016-05-01,263.476,280.22745057791997,16.751450577919968,262.58000000000004,0.8959999999999582,292.4593270438859,28.98332704388588,278.1032322170952,14.627232217095184,270.45876387027926,6.982763870279257,276.2693771242901,12.793377124290089
بلدروز,2016,5,2016-05-01,322.1,353.81111111111113,31.71111111111111,343.8,21.69999999999999,371.1943857999171,49.09438579991706,349.69406771381296,27.594067713812933,356.24300475265915,34.143004752659124,336.55858858275195,14.45858858275193
خانقين,2016,5,2016-05-01,341.54607999999996,332.1285333333333,9.41754666666668,352.0384,10.492320000000063,363.26233599888076,21.716255998880797,302.57301967363657,38.973060326363395,302.00309560317754,39.54298439682242,302.3947560892344,39.15132391076554
الخالص,2016,6,2016-06-01,370.52799999999996,377.6141487488569,7.086148748856942,373.14,2.612000000000023,357.2283831564057,13.299616843594265,379.25903606830997,8.731036068310004,369.9612737471501,0.5667262528498895,347.8715577399163,22.65644226008368
بلدروز,2016,6,2016-06-01,370.1,452.43333333333334,82.33333333333331,486.0,115.89999999999998,430.4146102938323,60.31461029383229,452.7716211199303,82.67162111993025,469.382038240546,99.282038240546,423.43268609992396,53.33268609992393
خانقين,2016,6,2016-06-01,461.24977920000003,474.7968888888888,13.547109688888781,472.174816,10.925036799999987,438.1664036315859,23.083375568414112,410.8917037894303,50.35807541056971,409.2263327731741,52.023446426825956,439.6423982148051,21.607380985194936
الخالص,2016,7,2016-07-01,429.688,369.56032412592356,60.12767587407643,429.64,0.04800000000000182,388.6632024947851,41.024797505214906,409.1825446408797,20.505455359120276,376.54520790726485,53.142792092735135,375.4398801338874,54.248119866112575
بلدروز,2016,7,2016-07-01,449.3,493.4222222222222,44.122222222222206,488.4,39.099999999999966,462.04705781898576,12.747057818985752,471.5587068322203,22.258706832220298,465.21489740845107,15.914897408451054,476.33968055040657,27.03968055040656
خانقين,2016,7,2016-07-01,548.9394239999999,554.0196711111112,5.080247111111248,553.1675200000001,4.228096000000164,463.1480154077018,85.79140859229813,494.35955024785835,54.579873752141566,473.7485890631936,75.19083493680631,521.2362174414337,27.703206558566194
الخالص,2016,8,2016-08-01,377.188,325.73389013558614,51.45410986441385,371.24,5.947999999999979,368.6859567653892,8.502043234610767,391.7452210357717,14.557221035771704,343.41248368053937,33.77551631946062,340.0693910707197,37.1186089292803
بلدروز,2016,8,2016-08-01,445.7,462.8333333333333,17.133333333333326,475.2,29.5,447.5799139659441,1.8799139659441266,472.5536497371224,26.853649737122396,475.64257040258184,29.94257040258185,455.5946730944577,9.894673094457687
خانقين,2016,8,2016-08-01,524.8817216,525.5029303879679,0.6212087879679302,535.264768,10.383046400000012,445.2266790617099,79.6550425382901,496.2404322958991,28.641289304100894,460.3043226155098,64.57739898449017,510.9719627604293,13.909758839570713
الخالص,2016,9,2016-09-01,284.58000000000004,270.0625413504569,14.51745864954313,285.9,1.3199999999999363,283.8463805043263,0.7336194956737359,284.18305443561155,0.3969455643884885,265.57667950688983,19.00332049311021,270.39022442751997,14.189775572480073
بلدروز,2016,9,2016-09-01,333.7,354.4555555555555,20.75555555555553,335.4,1.6999999999999886,362.34143474236674,28.641434742366755,362.07650967555867,28.37650967555868,384.00462228916024,50.30462228916025,351.48507138792513,17.785071387925143
خانقين,2016,9,2016-09-01,394.38646400000005,392.66058844444444,1.7258755555556036,396.43872,2.052255999999943,363.7871357062419,30.599328293758163,338.8760733916395,55.510390608360524,342.87843742721896,51.50802657278109,373.2948840787784,21.091579921221637
الخالص,2016,10,2016-10-01,177.904,176.14672966769777,1.7572703323022267,185.51999999999998,7.6159999999999854,190.54664652475017,12.642646524750177,214.9256363206557,37.021636320655716,194.0583226832295,16.15432268322951,198.64077264439172,20.73677264439172
بلدروز,2016,10,2016-10-01,239.0,233.06666666666666,5.933333333333337,231.4,7.599999999999994,270.9009899505262,31.900989950526196,271.5068022568968,32.506802256896776,262.507453119217,23.50745311921702,231.47138055356703,7.52861944643297
خانقين,2016,10,2016-10-01,275.05384960000004,278.72897777777774,3.675128177777708,286.23420799999997,11.180358399999932,276.71288024110993,1.6590306411098936,234.365151770703,40.68869782929704,201.34647108103408,73.70737851896595,249.13545795593603,25.918391644064002
الخالص,2016,11,2016-11-01,87.1824,87.90879860053333,0.7263986005333294,91.902,4.7196,77.34695160165683,9.835448398343175,113.41781240681024,26.23541240681024,99.31251140464893,12.130111404648929,119.25156718347944,32.069167183479436
بلدروز,2016,11,2016-11-01,127.6,117.66111111111111,9.938888888888883,89.8,37.8,195.69024751679208,68.09024751679209,214.01426942191557,86.41426942191558,177.24403184832673,49.64403184832673,218.9174824794087,91.31748247940871
خانقين,2016,11,2016-11-01,111.37360000000001,125.76377777777778,14.390177777777765,116.128,4.75439999999999,164.15286445460026,52.77926445460025,110.47178277512974,0.9018172248702712,108.41406277946662,2.9595372205333916,105.58503781762155,5.788562182378456
الخالص,2016,12,2016-12-01,55.48,52.35168,3.128319999999995,57.4,1.9200000000000017,13.111361753649192,42.368638246350805,58.19833920996538,2.718339209965386,52.93598171342174,2.5440182865782575,49.87510530807194,5.60489469192806
بلدروز,2016,12,2016-12-01,77.0,69.71666666666667,7.283333333333331,53.9,23.1,103.73685164073783,26.736851640737825,157.602514068612,80.60251406861201,162.11368220555374,85.11368220555374,152.17859972628858,75.17859972628858
خانقين,2016,12,2016-12-01,91.245216,76.83844444444443,14.406771555555565,87.08768,4.157535999999993,86.8249669070502,4.420249092949803,57.88548565374696,33.35973034625304,61.89936410040983,29.345851899590173,40.520537968061745,50.724678031938254
