mean_fit_time,std_fit_time,mean_score_time,std_score_time,param_model__C,param_model__epsilon,param_model__gamma,params,split0_test_score,split1_test_score,split2_test_score,split3_test_score,mean_test_score,std_test_score,rank_test_score
0.03089362382888794,0.008935424239292385,0.0049683451652526855,0.000390594994799288,500,0.01,scale,"{'model__C': 500, 'model__epsilon': 0.01, 'model__gamma': 'scale'}",-59.549405674577486,-34.8827543272716,-60.68416487100351,-50.16192963390552,-51.31956362668953,10.331201200790646,1
0.026963412761688232,0.007919298686563025,0.004723966121673584,0.00017978178790189014,500,0.05,scale,"{'model__C': 500, 'model__epsilon': 0.05, 'model__gamma': 'scale'}",-59.56135954095549,-34.882262712649265,-60.69911564619334,-50.15977288349981,-51.32562769582448,10.33722671699171,2
0.03094327449798584,0.007058304916281717,0.005764424800872803,0.0008433326762853073,500,0.1,scale,"{'model__C': 500, 'model__epsilon': 0.1, 'model__gamma': 'scale'}",-59.57882308121363,-34.88176116317789,-60.71647434767659,-50.15615716945594,-51.333303940381015,10.344943294487262,3
0.028022587299346924,0.009753326994625423,0.005207955837249756,0.0004684090046987809,500,0.2,scale,"{'model__C': 500, 'model__epsilon': 0.2, 'model__gamma': 'scale'}",-59.61528019877404,-34.88282637669979,-60.74315479297327,-50.15464316119496,-51.34897613241052,10.357882199655677,4
0.03062129020690918,0.009737774707370948,0.005425095558166504,0.0006074996275536414,500,0.01,0.1,"{'model__C': 500, 'model__epsilon': 0.01, 'model__gamma': 0.1}",-59.33993766599737,-35.43673179908481,-61.49129629969609,-50.02344146630557,-51.57285180777096,10.264967184670173,5
0.031226813793182373,0.011163306826676692,0.005300700664520264,0.0004618260921972209,500,0.05,0.1,"{'model__C': 500, 'model__epsilon': 0.05, 'model__gamma': 0.1}",-59.34773862536374,-35.43078542613478,-61.52592766304553,-50.01969169743679,-51.581035852995214,10.277292073916222,6
0.028666138648986816,0.008392997599131253,0.004919111728668213,7.09755681978292e-05,500,0.1,0.1,"{'model__C': 500, 'model__epsilon': 0.1, 'model__gamma': 0.1}",-59.35736867875933,-35.42246669462305,-61.57085810376018,-50.01352332008202,-51.59105419930614,10.29349250906392,7
0.02710425853729248,0.008558847378604873,0.005145907402038574,0.0007699439350026138,500,0.01,auto,"{'model__C': 500, 'model__epsilon': 0.01, 'model__gamma': 'auto'}",-60.46777929612802,-34.90942727070077,-60.51108692161145,-50.56357181159355,-51.61296632500844,10.460565337121666,8
0.029643714427947998,0.00890950566952043,0.005338072776794434,0.0002680808072332499,500,0.2,0.1,"{'model__C': 500, 'model__epsilon': 0.2, 'model__gamma': 0.1}",-59.38016606214002,-35.41378865501323,-61.66245603742725,-49.99638442663244,-51.61319879530323,10.324102009842878,9
0.027525663375854492,0.009507698732917402,0.005470395088195801,9.080594997467691e-05,500,0.05,auto,"{'model__C': 500, 'model__epsilon': 0.05, 'model__gamma': 'auto'}",-60.45600723645075,-34.920307715481506,-60.522701086948494,-50.55942917318712,-51.614611303016964,10.456308230563936,10
0.02608358860015869,0.007267910150648996,0.005269408226013184,0.00014768529958863365,500,0.1,auto,"{'model__C': 500, 'model__epsilon': 0.1, 'model__gamma': 'auto'}",-60.44077787221364,-34.93335575569185,-60.5349378464088,-50.55565223978018,-51.61618092852362,10.450587459873072,11
0.027163565158843994,0.007868461138551263,0.0056648850440979,0.000368969269653883,500,0.2,auto,"{'model__C': 500, 'model__epsilon': 0.2, 'model__gamma': 'auto'}",-60.40452321639315,-34.96379368628955,-60.561084372828844,-50.55466028165913,-51.621015389292666,10.436414509515412,12
0.016908705234527588,0.0031001995671586565,0.004672050476074219,8.145615329701419e-05,500,0.01,0.01,"{'model__C': 500, 'model__epsilon': 0.01, 'model__gamma': 0.01}",-61.25619160065116,-44.10643678578487,-70.27859104210202,-47.02611351175796,-55.666833235074,10.642476175116991,13
0.017010629177093506,0.0034978126690999507,0.004873096942901611,0.00017655917000647167,500,0.05,0.01,"{'model__C': 500, 'model__epsilon': 0.05, 'model__gamma': 0.01}",-61.2571377830195,-44.09253041803474,-70.28441218923312,-47.037096281047326,-55.66779416783367,10.646149084557585,14
0.016963839530944824,0.004163398063407997,0.00473552942276001,0.00023247904408208895,100,0.2,0.1,"{'model__C': 100, 'model__epsilon': 0.2, 'model__gamma': 0.1}",-61.09206114386145,-41.92129765737302,-70.86503960047568,-48.80508562073719,-55.67087100561183,11.140487399727618,15
0.017639517784118652,0.0035108186559543978,0.004901409149169922,0.00025542848486092694,500,0.1,0.01,"{'model__C': 500, 'model__epsilon': 0.1, 'model__gamma': 0.01}",-61.26635379469497,-44.08310706390492,-70.29558976405858,-47.05125482145502,-55.67407636102837,10.650890122899087,16
0.016721367835998535,0.003565166600497821,0.00453263521194458,0.00015206362160796096,100,0.01,auto,"{'model__C': 100, 'model__epsilon': 0.01, 'model__gamma': 'auto'}",-60.67283226457819,-42.14195256637551,-71.63659320002155,-48.2556573520825,-55.67675884576444,11.379156280471953,17
0.017472922801971436,0.004492259794772493,0.004711747169494629,0.000400065612024981,100,0.1,0.1,"{'model__C': 100, 'model__epsilon': 0.1, 'model__gamma': 0.1}",-61.08263246488836,-41.91038236370307,-70.90503512795813,-48.81715867524334,-55.67880215794823,11.154495588747274,18
0.016999542713165283,0.0036980810657288666,0.004820823669433594,0.00024995336952128165,100,0.05,auto,"{'model__C': 100, 'model__epsilon': 0.05, 'model__gamma': 'auto'}",-60.68645629170028,-42.14960581726028,-71.62466719437519,-48.26270076129386,-55.6808575161574,11.373048275809586,19
0.01701831817626953,0.0039046854467405774,0.0047155022621154785,0.0002230639546760676,100,0.05,0.1,"{'model__C': 100, 'model__epsilon': 0.05, 'model__gamma': 0.1}",-61.078036125991034,-41.91090619064929,-70.9192539052309,-48.82679053755674,-55.683746689856996,11.157150417128044,20
0.01715177297592163,0.0035587464228999067,0.004743456840515137,7.837129133555694e-05,100,0.1,auto,"{'model__C': 100, 'model__epsilon': 0.1, 'model__gamma': 'auto'}",-60.70336363873428,-42.15184497811283,-71.60999796512178,-48.27128802065816,-55.68412365065676,11.367705802918383,21
0.017332792282104492,0.0037417505840719556,0.0050147175788879395,0.00023958163150669074,100,0.2,auto,"{'model__C': 100, 'model__epsilon': 0.2, 'model__gamma': 'auto'}",-60.73662994386309,-42.14924998555519,-71.578007009312,-48.28674655561569,-55.6876583735865,11.358447199120807,22
0.017092108726501465,0.004114153779831484,0.004554927349090576,0.00019701854383128104,100,0.01,0.1,"{'model__C': 100, 'model__epsilon': 0.01, 'model__gamma': 0.1}",-61.074630108170794,-41.91504418903553,-70.9325139934361,-48.83548406325217,-55.689418088473644,11.15865436789518,23
0.018132686614990234,0.004636973986848336,0.00544428825378418,0.0004417041844164406,500,0.2,0.01,"{'model__C': 500, 'model__epsilon': 0.2, 'model__gamma': 0.01}",-61.297481963687325,-44.064204130171184,-70.30962166477946,-47.08672020048648,-55.68950698978111,10.657775841349093,24
0.017004787921905518,0.003953116412188224,0.004708766937255859,0.00024089722857830543,100,0.01,scale,"{'model__C': 100, 'model__epsilon': 0.01, 'model__gamma': 'scale'}",-60.941012946549975,-42.0398281449937,-71.2277729590363,-48.7719192789997,-55.745133332394914,11.215730017340752,25
0.018468916416168213,0.005366527691896285,0.005810558795928955,0.0009769291739862497,100,0.05,scale,"{'model__C': 100, 'model__epsilon': 0.05, 'model__gamma': 'scale'}",-60.952557623065644,-42.03785784247331,-71.23476466580428,-48.772055169543634,-55.74930882522172,11.220061243938046,26
0.01729607582092285,0.0037795178785866006,0.004873216152191162,0.0001497437966208302,100,0.2,scale,"{'model__C': 100, 'model__epsilon': 0.2, 'model__gamma': 'scale'}",-60.99257541092517,-42.029628938760474,-71.2256256074953,-48.75814877665015,-55.75149468345778,11.226243155368637,27
0.017752647399902344,0.004239423550903656,0.004829823970794678,0.00017199767924634313,100,0.1,scale,"{'model__C': 100, 'model__epsilon': 0.1, 'model__gamma': 'scale'}",-60.967847500543556,-42.0363217257687,-71.23696193741294,-48.767901313251286,-55.75225811924412,11.223709013445795,28
0.015428006649017334,0.004546995205450211,0.004658401012420654,0.0001663377051357737,100,0.01,0.01,"{'model__C': 100, 'model__epsilon': 0.01, 'model__gamma': 0.01}",-64.78172589126898,-47.697634964606586,-73.90439783977838,-46.93351635973839,-58.32931876384809,11.47947798029205,29
0.014475226402282715,0.002547965297225612,0.004622161388397217,0.00010279302708112645,100,0.05,0.01,"{'model__C': 100, 'model__epsilon': 0.05, 'model__gamma': 0.01}",-64.7736729686115,-47.70551029634613,-73.92399137589129,-46.93235899883849,-58.33388340992185,11.483460169834496,30
0.01473844051361084,0.0024236956048129107,0.004597306251525879,0.00012635672981769466,100,0.1,0.01,"{'model__C': 100, 'model__epsilon': 0.1, 'model__gamma': 0.01}",-64.76078002087917,-47.708600357412415,-73.96161454256162,-46.92944121245915,-58.34010903332809,11.494441777982063,31
0.014575719833374023,0.0021166858317996384,0.004764735698699951,0.00018527381646128613,100,0.2,0.01,"{'model__C': 100, 'model__epsilon': 0.2, 'model__gamma': 0.01}",-64.75729517456172,-47.68920142691702,-74.0249669224892,-46.926003643487405,-58.34936679186384,11.52083261792245,32
0.01408231258392334,0.0021712679108504356,0.004815340042114258,0.0005432523887768953,500,0.01,0.001,"{'model__C': 500, 'model__epsilon': 0.01, 'model__gamma': 0.001}",-70.52493280447844,-53.66579003797582,-80.86964648948391,-50.24901103303628,-63.82734509124361,12.47924351695449,33
0.013777017593383789,0.0027040769240142767,0.004941046237945557,0.0001456203197837063,500,0.2,0.001,"{'model__C': 500, 'model__epsilon': 0.2, 'model__gamma': 0.001}",-70.5569739184752,-53.76899688217149,-80.76375628839548,-50.24026246889214,-63.83249738948358,12.428887772928022,34
0.015117466449737549,0.003757098325977027,0.004904329776763916,0.00042817681418701235,500,0.05,0.001,"{'model__C': 500, 'model__epsilon': 0.05, 'model__gamma': 0.001}",-70.53969836869177,-53.6910662422199,-80.8559142430436,-50.26313155747128,-63.837452602856644,12.467552716217778,35
0.014666378498077393,0.0030798712460031307,0.004663527011871338,0.0002969076436697694,500,0.1,0.001,"{'model__C': 500, 'model__epsilon': 0.1, 'model__gamma': 0.001}",-70.52386783490533,-53.70657990553869,-80.83300579468393,-50.28737906496951,-63.83770815002437,12.447851734152739,36
0.01568084955215454,0.002489024008039387,0.005100846290588379,0.0005111690026831234,10,0.01,scale,"{'model__C': 10, 'model__epsilon': 0.01, 'model__gamma': 'scale'}",-72.83359220380238,-55.52649004439233,-81.42220117054391,-47.939977295238464,-64.43056517849428,13.32805874465118,37
0.013489723205566406,0.0028688465724237373,0.004596710205078125,0.0002502967593614423,10,0.05,scale,"{'model__C': 10, 'model__epsilon': 0.05, 'model__gamma': 'scale'}",-72.84056533991567,-55.535054167872175,-81.42502248950417,-47.9447565266126,-64.43634963097615,13.32714852488933,38
0.013245642185211182,0.0028419646259067767,0.004523575305938721,0.00022049757724206448,10,0.1,scale,"{'model__C': 10, 'model__epsilon': 0.1, 'model__gamma': 'scale'}",-72.84086342137552,-55.54753068614424,-81.43183652095752,-47.952633119578415,-64.44321593701392,13.32484756346237,39
0.013357937335968018,0.002622513668567193,0.004785299301147461,0.00026089753045419414,10,0.01,auto,"{'model__C': 10, 'model__epsilon': 0.01, 'model__gamma': 'auto'}",-72.6978525232095,-55.289456211210336,-81.40813303554057,-48.414151783083106,-64.45239838826089,13.197247012435685,40
0.013023436069488525,0.002571553540858065,0.004460513591766357,0.0001364242250288015,10,0.05,auto,"{'model__C': 10, 'model__epsilon': 0.05, 'model__gamma': 'auto'}",-72.70733097898545,-55.28080768826129,-81.41635354618694,-48.41858292050873,-64.45576878348561,13.20152411335074,41
0.013281404972076416,0.0025192372627851657,0.004922330379486084,0.0003696196001814483,10,0.2,scale,"{'model__C': 10, 'model__epsilon': 0.2, 'model__gamma': 'scale'}",-72.84116078384086,-55.573706523625894,-81.44317662622488,-47.978728620291385,-64.45919313849576,13.31606792410857,42
0.013008594512939453,0.0025861546103052,0.0045792460441589355,0.00021704455841996771,10,0.1,auto,"{'model__C': 10, 'model__epsilon': 0.1, 'model__gamma': 'auto'}",-72.71933930706305,-55.27644302752643,-81.42349782665941,-48.419870488655235,-64.45978766247603,13.20606316745558,43
0.013313055038452148,0.002824289687387029,0.004686474800109863,0.0005293366721315604,10,0.2,auto,"{'model__C': 10, 'model__epsilon': 0.2, 'model__gamma': 'auto'}",-72.74334221933303,-55.28941190922504,-81.43741043485893,-48.426554909950006,-64.47417986834175,13.210000629332773,44
0.014178037643432617,0.0026256175991717133,0.0046041011810302734,0.00013057199783614458,10,0.01,0.1,"{'model__C': 10, 'model__epsilon': 0.01, 'model__gamma': 0.1}",-73.00258146329904,-55.8715634701598,-81.66366592976365,-47.89353210893687,-64.60783574303984,13.389020672411498,45
0.01338416337966919,0.0028043080723478653,0.004590392112731934,0.00014423333874915846,10,0.05,0.1,"{'model__C': 10, 'model__epsilon': 0.05, 'model__gamma': 0.1}",-72.99408229950099,-55.886068991192055,-81.6872667260781,-47.893550880485556,-64.61524222431417,13.392837715795267,46
0.013279497623443604,0.002916844381564823,0.004607021808624268,0.0002715242407775764,10,0.1,0.1,"{'model__C': 10, 'model__epsilon': 0.1, 'model__gamma': 0.1}",-72.98344236706994,-55.903984104070915,-81.71748576958964,-47.89906243625179,-64.62599366924557,13.396172310413814,47
0.0141410231590271,0.003292418172191519,0.004536628723144531,0.0001161029938979649,10,0.2,0.1,"{'model__C': 10, 'model__epsilon': 0.2, 'model__gamma': 0.1}",-72.9570049043726,-55.94009880192828,-81.76281373020383,-47.910345095766296,-64.64256563306775,13.39713521951319,48
0.012777745723724365,0.002384799493095287,0.0045621395111083984,0.00010212945853398571,100,0.01,0.001,"{'model__C': 100, 'model__epsilon': 0.01, 'model__gamma': 0.001}",-79.68880170185454,-65.24964345635189,-92.24515005616976,-58.842440859144624,-74.0065090183802,12.957315835613748,49
0.01328897476196289,0.0020345553765096836,0.004873692989349365,0.00021328746558825444,100,0.05,0.001,"{'model__C': 100, 'model__epsilon': 0.05, 'model__gamma': 0.001}",-79.69537834280537,-65.24260850465586,-92.28284647590765,-58.833130516737185,-74.01349096002652,12.975215965739743,50
0.012869775295257568,0.0023922141764596266,0.0046051740646362305,9.107223036509501e-05,100,0.1,0.001,"{'model__C': 100, 'model__epsilon': 0.1, 'model__gamma': 0.001}",-79.70523869705754,-65.23377462312865,-92.32188635346321,-58.814677072800045,-74.01889418661236,12.99692829036847,51
0.013720452785491943,0.002917929246448938,0.0047272443771362305,0.00013455793112937694,100,0.2,0.001,"{'model__C': 100, 'model__epsilon': 0.2, 'model__gamma': 0.001}",-79.73821141702044,-65.21645093967321,-92.37218216574148,-58.78487382133445,-74.02792958594239,13.029887051298743,52
0.013570427894592285,0.0021120476023642437,0.004788815975189209,0.000128426350849701,10,0.2,0.01,"{'model__C': 10, 'model__epsilon': 0.2, 'model__gamma': 0.01}",-81.16914823557171,-65.32068081871407,-93.41176300277058,-58.814364888303174,-74.67898923633989,13.530550792219339,53
0.012401998043060303,0.00228216018282821,0.004440188407897949,0.0001330782053178314,10,0.1,0.01,"{'model__C': 10, 'model__epsilon': 0.1, 'model__gamma': 0.01}",-81.22393611399076,-65.33303762543461,-93.3368988709814,-58.83072149372388,-74.68114852603266,13.504335460053364,54
0.012685060501098633,0.0022476450919937277,0.00440746545791626,0.00010073902666042284,10,0.05,0.01,"{'model__C': 10, 'model__epsilon': 0.05, 'model__gamma': 0.01}",-81.25667631100504,-65.33934050782764,-93.3051161875663,-58.83298298625881,-74.68352899816445,13.495586708877083,55
0.013013184070587158,0.0025398735672803,0.004726529121398926,0.0001991823139429336,10,0.01,0.01,"{'model__C': 10, 'model__epsilon': 0.01, 'model__gamma': 0.01}",-81.29183631017462,-65.34428474251457,-93.3054345981896,-58.828029508844864,-74.69239628993091,13.500584492099454,56
0.01442861557006836,0.002897094869013529,0.005601227283477783,0.0008705957558333141,1,0.2,auto,"{'model__C': 1, 'model__epsilon': 0.2, 'model__gamma': 'auto'}",-125.02929304799525,-105.12102810462531,-124.01950115103841,-91.20843971861326,-111.34456550556806,14.07232870757608,57
0.01695871353149414,0.0027734591907786657,0.006486415863037109,0.0004053879062936697,1,0.01,auto,"{'model__C': 1, 'model__epsilon': 0.01, 'model__gamma': 'auto'}",-124.97537511488412,-105.12997645316881,-124.04136744949032,-91.25976425420386,-111.35162081793678,14.04482030408259,58
0.014568746089935303,0.0022716447609212693,0.005056798458099365,0.00030285346415678913,1,0.05,auto,"{'model__C': 1, 'model__epsilon': 0.05, 'model__gamma': 'auto'}",-124.98672228606969,-105.12577075507306,-124.03676043822217,-91.2592217246663,-111.3521188010078,14.047192500362684,59
0.012485980987548828,0.00224566038834805,0.004434049129486084,0.00012765632680185635,1,0.1,auto,"{'model__C': 1, 'model__epsilon': 0.1, 'model__gamma': 'auto'}",-125.00090923019849,-105.12329873314111,-124.03100435889915,-91.25510178898354,-111.35257852780558,14.051084571520892,60
0.013109147548675537,0.0022150194743893042,0.0046776533126831055,0.00010367624441944425,1,0.2,scale,"{'model__C': 1, 'model__epsilon': 0.2, 'model__gamma': 'scale'}",-127.23963414754733,-107.30946701590064,-125.92493238123242,-92.4743472961823,-113.23709521021568,14.346434972855272,61
0.012880504131317139,0.002412468522441368,0.004631757736206055,0.0001502117465152319,1,0.1,scale,"{'model__C': 1, 'model__epsilon': 0.1, 'model__gamma': 'scale'}",-127.23963414754733,-107.30712790468424,-125.93572792916206,-92.47538051328688,-113.23946762367014,14.348690327954529,62
0.014305412769317627,0.0017093745161677954,0.005313098430633545,0.0006820316817928197,1,0.05,scale,"{'model__C': 1, 'model__epsilon': 0.05, 'model__gamma': 'scale'}",-127.23963414754733,-107.30597254603269,-125.9425199194765,-92.47767544377244,-113.24145051420724,14.349482246378024,63
0.017547607421875,0.0037370871678436206,0.006689727306365967,0.0006323070044157704,1,0.01,scale,"{'model__C': 1, 'model__epsilon': 0.01, 'model__gamma': 'scale'}",-127.23963414754733,-107.30507691224227,-125.94795543902455,-92.47974138443684,-113.24310197081275,14.350030479577212,64
0.014757752418518066,0.0029177017226332492,0.005482614040374756,0.0005693096794723607,1,0.2,0.1,"{'model__C': 1, 'model__epsilon': 0.2, 'model__gamma': 0.1}",-128.8556372388311,-108.5187579268416,-126.85713454482148,-93.21955539008611,-114.36277127514506,14.554555535410264,65
0.013469398021697998,0.0024917232031607195,0.005154907703399658,0.0007278705705114154,1,0.1,0.1,"{'model__C': 1, 'model__epsilon': 0.1, 'model__gamma': 0.1}",-128.8556372388311,-108.53271873208861,-126.88213915450328,-93.22442001135265,-114.3737287841939,14.556756699882794,66
0.01457512378692627,0.001648124181690789,0.005225419998168945,0.0002086754442448875,1,0.05,0.1,"{'model__C': 1, 'model__epsilon': 0.05, 'model__gamma': 0.1}",-128.8556372388311,-108.53496238997415,-126.89074245739677,-93.23067299237384,-114.37800376964397,14.556108957272226,67
0.014964163303375244,0.0018780744458843897,0.005654692649841309,0.00036057247427246893,1,0.01,0.1,"{'model__C': 1, 'model__epsilon': 0.01, 'model__gamma': 0.1}",-128.8556372388311,-108.52983674995745,-126.89762710342798,-93.23567897227417,-114.37969501612267,14.556285439410054,68
0.013120055198669434,0.0027985046965820636,0.004554569721221924,0.00020005040604743104,10,0.1,0.001,"{'model__C': 10, 'model__epsilon': 0.1, 'model__gamma': 0.001}",-138.20689674247978,-116.96472765147153,-135.48763648780815,-105.47345415410025,-124.03317875896492,13.47706627762059,69
0.013957858085632324,0.002838070666374606,0.0049315690994262695,0.00034268681667211755,10,0.2,0.001,"{'model__C': 10, 'model__epsilon': 0.2, 'model__gamma': 0.001}",-138.20689674247978,-117.02153364907757,-135.48763648780815,-105.43319094059727,-124.03731445499069,13.483522619410095,70
0.013371646404266357,0.0028845275698295147,0.0045593976974487305,0.00024210843230414148,10,0.05,0.001,"{'model__C': 10, 'model__epsilon': 0.05, 'model__gamma': 0.001}",-138.20689674247978,-116.96205093693453,-135.48763648780815,-105.49429723751993,-124.03772035118561,13.470242922600692,71
0.013239443302154541,0.0023810282205221902,0.00466233491897583,0.0001921006843232197,10,0.01,0.001,"{'model__C': 10, 'model__epsilon': 0.01, 'model__gamma': 0.001}",-138.20689674247978,-116.96205093693453,-135.48763648780815,-105.51097731697556,-124.0418903710495,13.464503097983728,72
0.015039145946502686,0.0028457410112030625,0.005545258522033691,0.00045529136566547905,1,0.01,0.01,"{'model__C': 1, 'model__epsilon': 0.01, 'model__gamma': 0.01}",-144.26513648432146,-124.9936433724714,-141.57073213599614,-113.57544162272482,-131.10123840387845,12.523525677311337,73
0.01331871747970581,0.002325903060447355,0.0049408674240112305,0.00021020546226870998,1,0.05,0.01,"{'model__C': 1, 'model__epsilon': 0.05, 'model__gamma': 0.01}",-144.26513648432146,-124.9936433724714,-141.58488193153894,-113.57544162272482,-131.10477585276416,12.526484084881254,74
0.014250218868255615,0.003194031275456216,0.005124926567077637,0.0004609696524856473,1,0.1,0.01,"{'model__C': 1, 'model__epsilon': 0.1, 'model__gamma': 0.01}",-144.26513648432146,-124.99549094538942,-141.58488193153894,-113.57544162272482,-131.10523774599366,12.526258770574113,75
0.014530479907989502,0.003400745967258285,0.0053421854972839355,0.0007019941510982705,1,0.2,0.01,"{'model__C': 1, 'model__epsilon': 0.2, 'model__gamma': 0.01}",-144.26513648432146,-125.00982000006569,-141.58488193153894,-113.57544162272482,-131.10882000966274,12.5245129181634,76
0.012764453887939453,0.0026198189801826806,0.004536926746368408,0.00018475219954682126,1,0.1,0.001,"{'model__C': 1, 'model__epsilon': 0.1, 'model__gamma': 0.001}",-164.76243444715092,-152.8970637581405,-166.81971223226776,-146.16121202655356,-157.66010561602818,8.503713743296338,77
0.015733420848846436,0.0029276334094757,0.005598783493041992,0.0003816911308194523,1,0.05,0.001,"{'model__C': 1, 'model__epsilon': 0.05, 'model__gamma': 0.001}",-164.76243444715092,-152.8970637581405,-166.81971223226776,-146.16121202655356,-157.66010561602818,8.503713743296338,77
0.016661226749420166,0.0036556317900547156,0.006931483745574951,0.0009067967143734989,1,0.01,0.001,"{'model__C': 1, 'model__epsilon': 0.01, 'model__gamma': 0.001}",-164.76243444715092,-152.8970637581405,-166.81971223226776,-146.16121202655356,-157.66010561602818,8.503713743296338,77
0.014620602130889893,0.002329657845451772,0.0052869319915771484,0.00021959380116412687,1,0.2,0.001,"{'model__C': 1, 'model__epsilon': 0.2, 'model__gamma': 0.001}",-164.76243444715092,-152.8970637581405,-166.81971223226776,-146.16121202655356,-157.66010561602818,8.503713743296338,77
